[{"id":1,"title":"Guerreiro","image":"post1.jpg","description":"Os Guerreiros, são lutadores corpo-a-corpo","body":"Graças às suas habilidades com as armas e as armaduras pesadas, eles têm um papel importante. São conhecidos por ter uma grande força física e uma mente equilibrada. De acordo com a sua especificação, poderão causar dano elevado com armas de duas mãos ou defender-se dos ataques inimigos usando uma espada e escudo."},{"id":2,"title":"Shura","image":"post2.png","description":"Os Shuras, são lutadores com poderes mágicos","body":"receberam quando aceitaram a colocação da Semente do Diabo no seu braço. Por isso conseguem manejar com destreza uma espada em combate corpo-a-corpo ou usar magia para dar dano à distância. Com especialização estes conseguem melhorar ataques mágicos ou ganhar magias de suporte. "},{"id":3,"title":"Shaman","image":"shaman.png","description":"Abençoados pelo conhecimento a estudos intensivos os Shamans usam feitiços e magias nas suas lutas","body":"As suas habilidades místicas ajudam tanto o próprio Shaman como os que o acompanham. Como resultado da sua decisão às Habilidades, os Shaman poderão aumentar o seu dano, curar-se e invocar feitiços de ajuda."},{"id":4,"title":"Ninja","image":"ninja.png","description":"Os Ninjas são assassinos profissionais","body":"Estes conseguem fazer emboscadas em qualquer altura sem fazer qualquer tipo de barulho. Para conseguirem ser ágeis e velozes, os ninjas só usam armaduras leves. Dependendo da especialização os Ninjas poderão ficar mestres no manejo do Arco e Flecha ou Adagas."},{"id":5,"title":"Lycan","image":"lycan.png","description":"Os Lycans são formidáveis lobos que outrora foram infectados com um vírus incurável que fez com que perdessem a sua forma humana e transmutassem em bestas.","body":"Graças ao seu poder incomparável e aos seus instintos apurados eles são formidáveis em combate corpo-a-corpo.      Perante o perigo eminente, eles optam sempre por ficar na linha da frente!      Os Lycans apenas possuem uma Classe e Género (Masculino).C"},{"id":6,"title":"ultimo post","description":"hahahhaha","image":"douglas.jpg","body":"hahahahah"}]